id_order,nama_pelanggan,tanggal_order,jenis_sepatu,bahan_sepatu,tingkat_kekotoran,jenis_layanan,lama_pengerjaan,biaya_rp,kasir,bulan_order,kategori_biaya,estimasi_lama_hari
CS012,Audrey,2026-05-17,Sneakers,Suede,Berat,Deep Clean,3 jam,127000,Bang Bagus,May,Tinggi,0.12
CS037,Fania,2026-05-20,Sneakers,Kanvas,Ringan,Repaint,13 jam,121000,Mba Ayu,May,Tinggi,0.54
CS002,Maya,2026-06-18,Sneakers,Kanvas,Ringan,Cuci Reguler,24 jam,36000,Mba Ayu,June,Rendah,1.0
CS021,Nessa,2026-04-19,Sneakers,Kulit,Ringan,Cuci Reguler,24 jam,34000,Bang Bagus,April,Rendah,1.0
CS011,Nessa,2026-04-12,Sneakers,Kanvas,Ringan,Unyellowing,3 jam,27000,Bang Bagus,April,Rendah,0.12
CS026,Fania,2026-04-12,Sneakers,Suede,Berat,Deep Clean,24 jam,105000,Kak Rian,April,Tinggi,1.0
CS031,Fania,2026-04-04,Sneakers,Kanvas,Ringan,Unyellowing,24 jam,37000,Bang Bagus,April,Rendah,1.0
CS016,Rakhis,2026-04-22,Sepatu Kulit,Kulit,Berat,Deep Clean,24 jam,109000,Bang Dedi,April,Tinggi,1.0
CS041,Fania,2026-09-03,Sepatu Sekolah,Kulit,Ringan,Repaint,24 jam,102000,Bang Dedi,September,Tinggi,1.0
CS009,Maya,2026-05-24,Sneakers,Kulit,Sedang,Deep Clean,72 jam,109000,Kak Rian,May,Tinggi,3.0
CS025,Nessa,2026-03-05,Sneakers,Kanvas,Berat,Cuci Reguler,24 jam,31000,Bang Bagus,March,Rendah,1.0
CS023,Moren,2026-05-06,Sneakers,Suede,Ringan,Deep Clean,24 jam,139000,Mba Ayu,May,Tinggi,1.0
CS029,Audrey,2026-04-12,Sneakers,Kanvas,Ringan,Repaint,24 jam,123000,Bang Bagus,April,Tinggi,1.0
CS028,Brily,2026-04-12,Sneakers,Kanvas,Ringan,Cuci Reguler,24 jam,102000,Kak Rian,April,Tinggi,1.0
CS038,Dani,2026-04-12,Boots,Suede,Ringan,Deep Clean,24 jam,119000,Bang Bagus,April,Tinggi,1.0
CS004,Maya,2026-04-18,Sepatu Futsal,Kulit,Sedang,Repaint,3 jam,143000,Bang Bagus,April,Tinggi,0.12
CS005,Dea,2026-05-26,Sepatu Kanvas,Kanvas,Sedang,Repaint,13 jam,86000,Bang Bagus,May,Sedang,0.54
CS042,Isa,2026-03-17,Sepatu Kanvas,Kanvas,Ringan,Repaint,48 jam,84000,Mba Ayu,March,Sedang,2.0
CS027,Rakhis,2026-05-16,Sneakers,Kanvas,Berat,Repaint,24 jam,82000,Bang Bagus,May,Sedang,1.0
CS017,Zahra,2026-02-25,Sepatu Futsal,Kanvas,Ringan,Repaint,24 jam,102000,Bang Bagus,February,Tinggi,1.0
CS043,Fania,2026-06-17,Sneakers,Kanvas,Berat,Deep Clean,48 jam,102000,Bang Bagus,June,Tinggi,2.0
CS019,Dea,2026-04-14,Sepatu Futsal,Mesh,Berat,Deep Clean,3 jam,147000,Bang Bagus,April,Tinggi,0.12
CS003,Dani,2026-01-08,Sneakers,Kanvas,Ringan,Unyellowing,24 jam,0,Bang Bagus,January,Rendah,1.0
CS008,Dea,2026-05-23,Boots,Mesh,Ringan,Repaint,24 jam,120000,Bang Dedi,May,Tinggi,1.0
CS039,Dea,2026-04-13,Boots,Kulit,Berat,Deep Clean,48 jam,115000,Bang Bagus,April,Tinggi,2.0
CS032,Arsel,2026-01-09,Sepatu Sekolah,Suede,Berat,Deep Clean,24 jam,117000,Bang Bagus,January,Tinggi,1.0
CS020,Brily,2026-04-20,Sneakers,Kanvas,Ringan,Unyellowing,48 jam,41000,Kak Rian,April,Rendah,2.0
CS034,Brily,2026-03-07,Sneakers,Kanvas,Berat,Cuci Reguler,23 jam,35000,Bang Bagus,March,Rendah,0.96
CS015,Dau,2026-04-25,Sneakers,Suede,Ringan,Deep Clean,24 jam,132000,Bang Dedi,April,Tinggi,1.0
CS022,Dani,2026-01-26,Sepatu Kulit,Kanvas,Ringan,Cuci Reguler,3 jam,41000,Bang Bagus,January,Rendah,0.12
CS010,Isa,2026-05-26,Boots,Kanvas,Ringan,Cuci Reguler,72 jam,49000,Bang Bagus,May,Rendah,3.0
CS007,Rakhis,2026-04-06,Sepatu Sekolah,Kanvas,Ringan,Unyellowing,3 jam,34000,Kak Rian,April,Rendah,0.12
CS001,Maya,2026-03-21,Sepatu Futsal,Mesh,Berat,Cuci Reguler,24 jam,48000,Bang Bagus,March,Rendah,1.0
CS035,Zahra,2026-06-07,Sneakers,Kanvas,Ringan,Cuci Reguler,3 jam,44000,Bang Bagus,June,Rendah,0.12
CS013,Radit,2026-01-01,Sneakers,Kanvas,Sedang,Cuci Reguler,48 jam,30000,Mba Ayu,January,Rendah,2.0
CS036,Dea,2026-01-18,Sepatu Sekolah,Kulit,Berat,Unyellowing,24 jam,23000,Bang Bagus,January,Rendah,1.0
CS006,Fania,2026-01-20,Sepatu Kulit,Kulit,Ringan,Repaint,24 jam,131000,Bang Bagus,January,Tinggi,1.0
CS024,Radit,2026-03-21,Sepatu Sekolah,Kanvas,Ringan,Unyellowing,24 jam,44000,Bang Dedi,March,Rendah,1.0
CS040,Audrey,2026-04-12,Sepatu Kanvas,Kanvas,Ringan,Deep Clean,3 jam,133000,Bang Bagus,April,Tinggi,0.12
CS018,Fania,2026-04-19,Sepatu Kanvas,Kanvas,Ringan,Deep Clean,24 jam,117000,Kak Rian,April,Tinggi,1.0
CS033,Maya,2026-05-16,Sepatu Kanvas,Kulit,Berat,Unyellowing,18 jam,43000,Bang Bagus,May,Rendah,0.75
CS030,Moren,2026-05-23,Boots,Kulit,Berat,Unyellowing,19 jam,35000,Bang Bagus,May,Rendah,0.79
CS014,Nessa,2026-04-12,Boots,Suede,Berat,Deep Clean,22 jam,130000,Kak Rian,April,Tinggi,0.92
CS044,Maya,2026-02-14,Sneakers,Mesh,Sedang,Deep Clean,48 jam,118000,Mba Ayu,February,Tinggi,2.0
CS045,Nessa,2026-02-15,Sepatu Kanvas,Kanvas,Ringan,Cuci Reguler,24 jam,32000,Bang Dedi,February,Rendah,1.0
CS046,Fania,2026-03-17,Sepatu Kulit,Kulit,Berat,Repaint,72 jam,128000,Kak Rian,March,Tinggi,3.0
CS047,Audrey,2026-03-24,Boots,Suede,Berat,Deep Clean,48 jam,135000,Mba Ayu,March,Tinggi,2.0
CS048,Dani,2026-02-04,Sepatu Futsal,Mesh,Sedang,Cuci Reguler,24 jam,42000,Bang Bagus,February,Rendah,1.0
